{"type": "reversed", "size": 65536, "heapsort": {"memory": 7397, "time": 2.2639997005462646}, "shellsort": {"memory": 2702, "time": 140.62151551246643}}