{"type": "random", "size": 512, "heapsort": {"memory": 4205, "time": 0.003999233245849609}, "shellsort": {"memory": 2702, "time": 0.2910025119781494}}