{"type": "random", "size": 8192, "heapsort": {"memory": 6029, "time": 0.20400166511535645}, "shellsort": {"memory": 2702, "time": 16.154000282287598}}