{"type": "sorted", "size": 8192, "heapsort": {"memory": 6029, "time": 0.17299652099609375}, "shellsort": {"memory": 2702, "time": 16.01999807357788}}