{"type": "random", "size": 65536, "heapsort": {"memory": 7397, "time": 2.5839970111846924}, "shellsort": {"memory": 2702, "time": 141.22052431106567}}