{"type": "sorted", "size": 65536, "heapsort": {"memory": 7397, "time": 2.4749977588653564}, "shellsort": {"memory": 2702, "time": 141.28251695632935}}