{"type": "sorted", "size": 512, "heapsort": {"memory": 4205, "time": 0.004999637603759766}, "shellsort": {"memory": 2702, "time": 0.28099989891052246}}