{"type": "sorted", "size": 512, "heapsort": {"memory": 4205, "time": 0.004988431930541992}, "shellsort": {"memory": 2702, "time": 0.25099945068359375}}