{"type": "sorted", "size": 512, "heapsort": {"memory": 4205, "time": 0.004997968673706055}, "shellsort": {"memory": 2702, "time": 0.29400062561035156}}