{"type": "reversed", "size": 512, "heapsort": {"memory": 4205, "time": 0.004015684127807617}, "shellsort": {"memory": 2702, "time": 0.25699567794799805}}