{"type": "reversed", "size": 512, "heapsort": {"memory": 4205, "time": 0.003998517990112305}, "shellsort": {"memory": 2702, "time": 0.28899717330932617}}