{"type": "reversed", "size": 512, "heapsort": {"memory": 4205, "time": 0.003998756408691406}, "shellsort": {"memory": 2702, "time": 0.28999948501586914}}