{"type": "reversed", "size": 8192, "heapsort": {"memory": 6029, "time": 0.27899980545043945}, "shellsort": {"memory": 2702, "time": 16.234000205993652}}