{"type": "reversed", "size": 8192, "heapsort": {"memory": 6029, "time": 0.12999939918518066}, "shellsort": {"memory": 2702, "time": 7.825999736785889}}